model,metric,n_contexts,macro_mean,macro_median,macro_sd,q10,q90,cell_count_weighted_mean
M1,overlap_at_N,1617,0.12268635381248301,0.0227272727272727,0.17159059554074294,0.0,0.4062872834011932,0.24822867659836126
M1,precision_at_N,1617,0.13466874762371378,0.0602910602910602,0.16885590563717168,0.0,0.41479395475452924,0.2689185985982332
M1,de_nsig_counts_real,1617,104.58688930117502,23.0,177.43727807252168,0.0,349.4000000000001,246.9721131240373
M1,de_nsig_counts_pred,1617,213.14718614718615,116.0,254.6246715704062,2.0,566.2000000000003,394.18317800856573
M1,pearson_delta,1617,0.3337191054225341,0.2962712943553924,0.314464139021456,-0.028025741502642566,0.802994728088379,0.4929914076318832
M1,mse,1617,0.014692516402204875,0.0061646574176847,0.0211716378623329,0.0024348381441086,0.0394145257771015,0.005172350789433529
M1,mae,1617,0.04968517220676421,0.0375046730041503,0.03139322155820389,0.0238632448017597,0.09987932443618773,0.030139170781038723
M1,discrimination_score_l1,1617,0.7459625877362634,0.8333333333333334,0.26444805973208724,0.3222222222222222,1.0,0.8067196977778577
M2,overlap_at_N,1617,0.11195288373299027,0.0,0.1718046727705668,0.0,0.3998880262765006,0.23132234831595463
M2,precision_at_N,1617,0.12752688886252794,0.0388170055452865,0.17034948890151597,0.0,0.40796594709638184,0.2602410343918781
M2,de_nsig_counts_real,1617,104.58688930117502,23.0,177.43727807252168,0.0,349.4000000000001,246.9721131240373
M2,de_nsig_counts_pred,1617,240.11688311688312,147.0,261.3243035993116,0.0,614.4000000000001,425.51290118378
M2,pearson_delta,1617,0.3257343559878276,0.2905749380588531,0.31162196791447283,-0.04662187770009033,0.7926208615303043,0.481054714435133
M2,mse,1617,0.015685114297591306,0.005272471345961,0.031447442382740144,0.00167293571867042,0.04208297505974764,0.004094195251877429
M2,mae,1617,0.049203210008654866,0.0364366732537746,0.0342304695760583,0.02178305536508554,0.09957604855298996,0.028648595801268172
M2,discrimination_score_l1,1617,0.7465894482967297,0.8409090909090909,0.2615562904547771,0.3222222222222222,1.0,0.8138132083783824
M3,overlap_at_N,1617,0.08320192194342997,0.0,0.1418409813873861,0.0,0.29218230732710865,0.1741653971719225
M3,precision_at_N,1617,0.1036137456764919,0.0325443786982248,0.14750840642799146,0.0,0.34087454008395085,0.21534750460159846
M3,de_nsig_counts_real,1617,104.58688930117502,23.0,177.43727807252168,0.0,349.4000000000001,246.9721131240373
M3,de_nsig_counts_pred,1617,445.90847247990104,429.0,287.6014505184238,41.0,807.0,683.6824578743017
M3,pearson_delta,1617,0.24783591626503004,0.206303209066391,0.3034625110276466,-0.08987129926681516,0.6912424683570862,0.31930352474447193
M3,mse,1617,0.020723673419268895,0.0103733660653233,0.023407843845336257,0.00399988023564214,0.05128968283534049,0.011824998242932852
M3,mae,1617,0.059108581617428435,0.0469091646373271,0.03201703721909216,0.02877666279673572,0.10566898584365844,0.041289475236071356
M3,discrimination_score_l1,1617,0.7061559551235607,0.7777777777777778,0.2698629799684538,0.2777777777777778,1.0,0.7498589840710744
M4b,overlap_at_N,1617,0.08747901069739919,0.0,0.14183814401421016,0.0,0.30792523198508215,0.18724613259216027
M4b,precision_at_N,1617,0.10745435730374396,0.0373831775700934,0.14777518941560405,0.0,0.34979667864732283,0.22600304764340126
M4b,de_nsig_counts_real,1617,104.58688930117502,23.0,177.43727807252168,0.0,349.4000000000001,246.9721131240373
M4b,de_nsig_counts_pred,1617,391.70500927643786,372.0,274.86745938470875,56.0,782.8000000000002,621.9915179395363
M4b,pearson_delta,1617,0.2884429173196841,0.2453329712152481,0.28879342367810557,-0.04620194956660267,0.7299765706062318,0.4095229528524914
M4b,mse,1617,0.020262914321119763,0.0104536172002553,0.023641545518912174,0.0039491204544901005,0.05027889385819431,0.009590698232821509
M4b,mae,1617,0.058848334566201,0.0469335839152336,0.032648183482996945,0.0289530850946903,0.10799503624439237,0.03893340971521491
M4b,discrimination_score_l1,1617,0.7210884932795045,0.8,0.2672144427799741,0.2888888888888888,1.0,0.7695874249680932
